-- 插入测试数据：AR旅行导览应用（日本，东京景点）
-- 数据包括设施、商店、用户、文章、评论、访问历史、文件和标签
-- 日期：2025-05-03之前，所有数据基于东京站、浅草寺、新宿、池袋等

-- 插入设施数据（facilities）
-- 包含东京站、浅草寺、新宿御苑、池袋阳光城
INSERT INTO facilities (facility_id, facility_name, location, description_text, latitude, longitude, person_id, created_at, updated_at) VALUES
(1, '東京駅', '東京都千代田区丸の内1丁目', '日本最重要的铁路枢纽之一，拥有百年历史的红色砖墙建筑。', 35.681236, 139.767125, NULL, '2025-04-01 10:00:00', '2025-04-01 10:00:00'),
(2, '浅草寺', '東京都台東区浅草2丁目3-1', '东京最古老的寺庙，以雷门和仲见世通り闻名。', 35.714765, 139.796655, NULL, '2025-04-01 10:00:00', '2025-04-01 10:00:00'),
(3, '新宿御苑', '東京都新宿区内藤町11', '结合日式和西式庭园的公园，适合赏樱和休闲。', 35.685169, 139.710060, NULL, '2025-04-01 10:00:00', '2025-04-01 10:00:00'),
(4, 'サンシャインシティ', '東京都豊島区東池袋3丁目1-1', '池袋的地标，集购物中心、水族馆和观景台于一体。', 35.729498, 139.719048, NULL, '2025-04-01 10:00:00', '2025-04-01 10:00:00');

-- 插入商店数据（stores）
-- 包含景点周边的餐厅、纪念品店、咖啡店
INSERT INTO stores (store_id, store_name, store_category, location, description_text, address, latitude, longitude, business_hours, rating_score, phone_number, created_at, updated_at) VALUES
(1, 'すき家 東京駅店', '飲食店', '東京都千代田区丸の内1丁目', '提供快速牛丼和日式早餐，适合游客。', '東京都千代田区丸の内1-9-1', 35.681500, 139.767300, '07:00-23:00', 4.20, '0120-498-007', '2025-04-01 10:00:00', '2025-04-01 10:00:00'),
(2, '浅草仲見世商店', 'お土産', '東京都台東区浅草2丁目', '出售传统和果子、人形烧等纪念品。', '東京都台東区浅草2-3-1', 35.714800, 139.796700, '09:00-18:00', 4.50, '03-6231-1234', '2025-04-01 10:00:00', '2025-04-01 10:00:00'),
(3, 'スターバックス 新宿御苑店', 'カフェ', '東京都新宿区内藤町', '位于新宿御苑附近，提供舒适的休息环境。', '東京都新宿区内藤町11-1', 35.685200, 139.710100, '08:00-20:00', 4.30, '03-3355-5678', '2025-04-01 10:00:00', '2025-04-01 10:00:00'),
(4, '一蘭 池袋店', '飲食店', '東京都豊島区東池袋', '著名的博多拉面连锁店，深受游客喜爱。', '東京都豊島区東池袋1-39-1', 35.729600, 139.719200, '10:00-23:00', 4.70, '03-3985-4321', '2025-04-01 10:00:00', '2025-04-01 10:00:00');

-- 插入用户数据（users）
-- 模拟日本本地用户和外国游客
INSERT INTO users (user_id, name, name_kana, birth, address, gender, phone_number, email, password, status, created_at, updated_at) VALUES
(1, '山田太郎', 'ヤマダタロウ', '1990-05-15', '東京都千代田区丸の内1-1-1', '1', '090-1234-5678', 'tarou.yamada@example.com', 'hashed_password_123', '1', '2025-04-01 09:00:00', '2025-04-01 09:00:00'),
(2, '佐藤花子', 'サトウハナコ', '1985-08-22', '東京都台東区浅草2-2-2', '2', '080-9876-5432', 'hanako.satou@example.com', 'hashed_password_456', '1', '2025-04-01 09:00:00', '2025-04-01 09:00:00'),
(3, 'John Smith', 'ジョン・スミス', '1995-03-10', '東京都新宿区西新宿1-1-1', '1', '070-5555-6666', 'john.smith@example.com', 'hashed_password_789', '1', '2025-04-01 09:00:00', '2025-04-01 09:00:00'),
(4, '李美玲', 'リメイリン', '1992-11-30', '東京都豊島区東池袋3-3-3', '2', '090-7777-8888', 'meiling.li@example.com', 'hashed_password_012', '1', '2025-04-01 09:00:00', '2025-04-01 09:00:00');

-- 插入文章数据（articles）
-- 模拟用户撰写的游记或景点评价
INSERT INTO articles (article_id, title, body_text, category, like_count, article_image, comment_count, created_at, updated_at) VALUES
(1, '東京駅の魅力', '東京駅の赤レンガ駅舎は本当に美しい！周辺には美味しいレストランもたくさんあります。', '観光', 15, NULL, 2, '2025-04-10 14:00:00', '2025-04-10 14:00:00'),
(2, '浅草寺での一日', '雷門から仲見世通りを歩き、浅草寺でお参りしました。人形焼は絶品！', '文化', 20, NULL, 3, '2025-04-12 16:00:00', '2025-04-12 16:00:00'),
(3, '新宿御苑でリラックス', '新宿御苑の静かな庭園は都会のオアシス。桜の季節が特におすすめ！', '自然', 10, NULL, 1, '2025-04-15 10:00:00', '2025-04-15 10:00:00');

-- 插入评论数据（comments）
-- 模拟用户对文章的评论，包含回复
INSERT INTO comments (comment_id, article_id, user_id, comment_text, created_at, updated_at, is_published, reply_to_comment_id) VALUES
(1, 1, 2, '東京駅の夜景も素敵ですよ！', '2025-04-10 15:00:00', '2025-04-10 15:00:00', TRUE, NULL),
(2, 1, 3, '同感！レストランも豊富で迷っちゃいます。', '2025-04-10 16:00:00', '2025-04-10 16:00:00', TRUE, 1),
(3, 2, 1, '仲見世通りはいつも賑やかですね！', '2025-04-12 17:00:00', '2025-04-12 17:00:00', TRUE, NULL),
(4, 2, 4, '人形焼、私も大好きです！', '2025-04-12 18:00:00', '2025-04-12 18:00:00', TRUE, 3),
(5, 3, 2, '新宿御苑はピクニックにも最適！', '2025-04-15 11:00:00', '2025-04-15 11:00:00', TRUE, NULL);

-- 插入访问历史数据（visit_history）
-- 记录用户访问景点的时间
INSERT INTO visit_history (history_id, user_id, facility_id, scan_at, is_active, created_at, updated_at) VALUES
(1, 1, 1, '2025-04-10 13:00:00', TRUE, '2025-04-10 13:00:00', '2025-04-10 13:00:00'),
(2, 2, 2, '2025-04-12 15:00:00', TRUE, '2025-04-12 15:00:00', '2025-04-12 15:00:00'),
(3, 3, 3, '2025-04-15 09:00:00', TRUE, '2025-04-15 09:00:00', '2025-04-15 09:00:00'),
(4, 4, 4, '2025-04-20 11:00:00', TRUE, '2025-04-20 11:00:00', '2025-04-20 11:00:00');

-- 插入文件数据（files）
-- 模拟用户上传的景点照片
INSERT INTO files (file_id, file_name, file_type, file_size, file_data, location, related_id, created_at, updated_at) VALUES
(1, 'tokyo_station.jpg', 'image/jpeg', 204800, '\xDEADBEEF', '東京都千代田区丸の内1丁目', 1, '2025-04-10 13:30:00', '2025-04-10 13:30:00'),
(2, 'sensoji.jpg', 'image/jpeg', 307200, '\xDEADBEEF', '東京都台東区浅草2丁目', 2, '2025-04-12 15:30:00', '2025-04-12 15:30:00'),
(3, 'shinjuku_gyoen.jpg', 'image/jpeg', 256000, '\xDEADBEEF', '東京都新宿区内藤町', 3, '2025-04-15 09:30:00', '2025-04-15 09:30:00'),
(4, 'sunshine_city.jpg', 'image/jpeg', 358400, '\xDEADBEEF', '東京都豊島区東池袋3丁目', 4, '2025-04-20 11:30:00', '2025-04-20 11:30:00');

-- 插入标签数据（tags）
-- 为设施、商店、文章、评论添加标签
INSERT INTO tags (tag_id, tag_name, is_active, created_at, updated_at) VALUES
(1, '歴史', TRUE, '2025-04-01 08:00:00', '2025-04-01 08:00:00'),
(2, '美食', TRUE, '2025-04-01 08:00:00', '2025-04-01 08:00:00'),
(3, '自然', TRUE, '2025-04-01 08:00:00', '2025-04-01 08:00:00'),
(4, 'ショッピング', TRUE, '2025-04-01 08:00:00', '2025-04-01 08:00:00'),
(5, '文化', TRUE, '2025-04-01 08:00:00', '2025-04-01 08:00:00');

-- 插入标签关联数据（taggings）
-- 关联设施、商店、文章、评论到标签
INSERT INTO taggings (tagging_id, tag_id, taggable_type, taggable_id, created_at, updated_at) VALUES
(1, 1, 'Facility', 1, '2025-04-01 08:30:00', '2025-04-01 08:30:00'), -- 東京駅 -> 歴史
(2, 5, 'Facility', 2, '2025-04-01 08:30:00', '2025-04-01 08:30:00'), -- 浅草寺 -> 文化
(3, 3, 'Facility', 3, '2025-04-01 08:30:00', '2025-04-01 08:30:00'), -- 新宿御苑 -> 自然
(4, 4, 'Facility', 4, '2025-04-01 08:30:00', '2025-04-01 08:30:00'), -- サンシャインシティ -> ショッピング
(5, 2, 'Store', 1, '2025-04-01 08:30:00', '2025-04-01 08:30:00'),    -- すき家 -> 美食
(6, 4, 'Store', 2, '2025-04-01 08:30:00', '2025-04-01 08:30:00'),    -- 仲見世商店 -> ショッピング
(7, 3, 'Article', 3, '2025-04-15 10:30:00', '2025-04-15 10:30:00'),   -- 新宿御苑記事 -> 自然
(8, 5, 'Comment', 3, '2025-04-12 17:30:00', '2025-04-12 17:30:00');   -- 浅草寺コメント -> 文化